Total_Requests,Successful_Requests,Avg_Time_s,Std_Dev_s,Min_Time_s,Max_Time_s
6,6,16.718188802401226,1.6705817491907446,13.70728611946106,18.62369728088379
