Request_ID,Elapsed_Time_s
req_1764963569_0,16.106359004974365
req_1764963579_1,18.022090196609497
req_1764963589_2,17.89661407470703
req_1764963599_3,18.62369728088379
req_1764963609_4,15.953086137771606
req_1764963619_5,13.70728611946106
